model_label,distribution,aic,bic,loglik,persistence,nu,distribution_param_text,std_resid_lb_pvalue_lag_12,std_resid_lb_pvalue_lag_24,std_resid_sq_lb_pvalue_lag_12,std_resid_sq_lb_pvalue_lag_24,std_resid_arch_lm_pvalue,innovation_ks_stat,innovation_ks_pvalue,std_resid_jarque_bera_pvalue,std_resid_shapiro_wilk_pvalue,volatility_param_significant_share,distribution_complexity,success,selected,selection_reason
"Skewed Student-t GARCH(1,1)",Skewed Student-t,7437.831052871154,7463.260560192982,-3713.915526435577,0.9651563087981212,,"eta=7.3379, lambda=-0.0866",0.06052531614921447,0.0077706525664596425,0.6528806794918034,0.8204847373243115,0.7093218461895674,0.016467326462929865,0.8967452183257205,3.0480609038075604e-23,1.1756748690575589e-08,1.0,2,True,False,
"Student-t GARCH(1,1)",Student-t,7440.361760501275,7460.705366358738,-3716.1808802506375,0.9620018535794745,7.463845310300286,nu=7.4638,0.06151275845106414,0.007799256866639649,0.6114046236333472,0.7958768052757238,0.6703789295773968,0.01958043971630874,0.7415743691968073,1.3820473602636116e-23,1.0729111958737727e-08,1.0,1,True,True,"highest joint diagnostic score among models within 4 AIC points of the best fit, where the score combines residual Ljung-Box, squared-residual Ljung-Box, residual ARCH-LM, innovation KS, and core-parameter significance; BIC and parsimony break ties"
"GED GARCH(1,1)",GED,7450.5768883528535,7470.920494210316,-3721.2884441764268,0.9656489907861716,1.4837070590198391,nu=1.4837,0.060154954725770565,0.0077496164312402605,0.6674517761918708,0.8282776966744887,0.7227054724843001,0.022791581389563276,0.5561547797423543,3.907942009164302e-23,1.206718698923363e-08,1.0,1,True,False,
"Gaussian GARCH(1,1)",Gaussian,7480.342552032715,7495.6002564258115,-3737.1712760163573,0.9693617508115279,,,0.05931407057525329,0.007736434149533419,0.6989967422216767,0.8446512358698051,0.7517083119700863,0.034652008651227084,0.11078299974288353,7.557149315944207e-23,1.2997684873041786e-08,1.0,0,True,False,
