lb_stat_lag_12,lb_pvalue_lag_12,lb_stat_lag_24,lb_pvalue_lag_24,arch_lm_stat,arch_lm_pvalue
19.987500640573224,0.06732277846469817,77.76123029782204,1.377589092622542e-07,338.1455658757586,4.433718173813377e-65
