parameter,estimate,std_error,z_stat,pvalue
const,1.1936263488886885,0.23761466466569886,5.023369877309579,5.077262844292294e-07
ar.L1,-0.18291562148156826,0.06305231167914425,-2.9010137235312667,0.0037195758804865185
ar.L2,-0.6528207084265817,0.04073579894169218,-16.025724924678826,8.449967509118499e-58
ma.L1,0.3095396472280604,0.06187019089901492,5.00304981656342,5.64303506659493e-07
ma.L2,0.7163043846747716,0.03945253063184279,18.156107433489463,1.1488758721685513e-73
sigma2,48.926276178808486,0.8795962769635821,55.62355987647521,0.0
