parameter,estimate,std_error,z_stat,pvalue
const,0.952917195052879,0.1834073063988824,5.195633771429106,2.0402356216122346e-07
ar.L1,-0.1584617116421196,0.05751664901776377,-2.755058132701357,0.005868170814690079
ar.L2,-0.6913880834473051,0.032022408374108496,-21.590758426724776,2.1938310094461692e-103
ma.L1,0.3040552190387006,0.05550989849838836,5.4774954965469504,4.313879823660439e-08
ma.L2,0.7263007026340274,0.035745222640302284,20.318818823501537,8.766019731043585e-92
sigma2,30.364225051544707,0.5894967323159493,51.50872496316156,0.0
