column,count,mean,std,min,p25,median,p75,max
small_lobm_vwret_pct,1195,0.9743094560669459,7.432095011822687,-32.3946,-3.04765,1.1085,5.0057,59.5683
me1_bm2_vwret_pct,1195,1.236130209205021,6.941794858952912,-32.0012,-2.0661,1.5194,4.6501,61.2364
small_hibm_vwret_pct,1195,1.420314728033473,8.080304275529665,-35.3242,-2.11665,1.5843,4.8557500000000005,83.3873
big_lobm_vwret_pct,1195,0.9581884518828451,5.266029297919821,-28.2664,-1.77665,1.2951,4.00355,33.6857
me2_bm2_vwret_pct,1195,0.9622049372384938,5.601583931987706,-28.5717,-1.59925,1.2478,3.6024,52.2845
big_hibm_vwret_pct,1195,1.2126323849372385,7.0808187876247635,-35.1664,-2.03095,1.4376,4.45565,67.7486
