count,mean_pct,annualized_mean_pct,std_pct,annualized_vol_pct,min_pct,p25_pct,median_pct,p75_pct,max_pct,skewness,kurtosis,excess_kurtosis,jarque_bera_stat,jarque_bera_pvalue,shapiro_wilk_stat,shapiro_wilk_pvalue,anderson_normal_stat,anderson_5pct_critical,normal_ks_stat,normal_ks_pvalue,normal_aic,normal_bic,student_t_ks_stat,student_t_ks_pvalue,student_t_aic,student_t_bic,student_t_df,student_t_loc,student_t_scale,student_t_aic_gain_vs_normal,best_marginal_fit,adf_stat,adf_pvalue,kpss_stat,kpss_pvalue,lb_stat_lag_12,lb_pvalue_lag_12,lb_stat_lag_24,lb_pvalue_lag_24,arch_lm_stat,arch_lm_pvalue,arch_f_stat,arch_f_pvalue,portfolio
1195,1.420314728033473,17.043776736401675,8.080304275529665,27.990995091666814,-35.3242,-2.11665,1.5843,4.8557500000000005,83.3873,1.960018358957397,23.854561631008924,20.854561631008924,22420.16322025679,0.0,0.8283645596575515,6.034552729678195e-34,29.724690078088315,0.784,0.0990844275918521,1.1517788282932421e-10,8387.999251666402,8398.171054595134,0.020441963417602987,0.6921711556615587,7893.04965855773,7908.307362950827,2.807372978977388,1.5335915293152431,4.486778844940042,494.94959310867216,Student-t,-8.774530151658787,2.4693048196423687e-14,0.07718079403310872,0.1,87.94167329113262,1.2343090303773025e-13,145.5264585223291,2.2345149668166733e-19,370.0530292445036,8.181360664581116e-72,44.38194820728429,8.761990403346905e-87,small_hibm_vwret_pct
