count,mean_pct,annualized_mean_pct,std_pct,annualized_vol_pct,min_pct,p25_pct,median_pct,p75_pct,max_pct,skewness,kurtosis,jarque_bera_stat,jarque_bera_pvalue,adf_stat,adf_pvalue,kpss_stat,kpss_pvalue,lb_stat_lag_12,lb_pvalue_lag_12,lb_stat_lag_24,lb_pvalue_lag_24,arch_lm_stat,arch_lm_pvalue,arch_f_stat,arch_f_pvalue,portfolio
1195,0.9743094560669459,11.69171347280335,7.432095011822687,25.74553233431222,-32.3946,-3.04765,1.1085,5.0057,59.5683,0.5657960779286528,9.923584816505418,2450.5729326940773,0.0,-8.443363974296163,1.738992707840848e-13,0.027015280931850863,0.1,43.958899728265614,1.5519729034945285e-05,84.60065283493202,1.1069724382013694e-08,249.72161546397996,1.5638317565428476e-46,26.088526115219732,1.4605538123214538e-52,small_lobm_vwret_pct
