success,message,mu,omega,alpha,beta,persistence,unconditional_variance,loglik,aic,bic,iterations,raw_arch_lm_pvalue,std_resid_arch_lm_pvalue
True,CONVERGENCE: REL_REDUCTION_OF_F_<=_FACTR*EPSMCH,1.036278636626073,1.5382885103666684,0.13968833509562736,0.8394180050199923,0.9791063401156197,73.62465546386458,-3940.8695510998086,7889.739102199617,7910.08270805708,14,1.5638317565428476e-46,0.9417515170159362
