model_label,distribution,aic,bic,loglik,persistence,nu,distribution_param_text,std_resid_lb_pvalue_lag_12,std_resid_lb_pvalue_lag_24,std_resid_sq_lb_pvalue_lag_12,std_resid_sq_lb_pvalue_lag_24,std_resid_arch_lm_pvalue,innovation_ks_stat,innovation_ks_pvalue,std_resid_jarque_bera_pvalue,std_resid_shapiro_wilk_pvalue,volatility_param_significant_share,distribution_complexity,success,selected,selection_reason
"Skewed Student-t GARCH(1,1)",Skewed Student-t,7807.045707158554,7832.475214480382,-3898.522853579277,0.9795970872388843,,"eta=7.0999, lambda=-0.0933",0.9645945359497048,0.44340647594029264,0.9553159069527029,0.7736162906389035,0.9532787271668104,0.01707586158141583,0.8708022438344935,4.4772240520821556e-72,6.38702495239269e-12,1.0,2,True,False,
"Student-t GARCH(1,1)",Student-t,7810.776114466193,7831.119720323655,-3901.3880572330963,0.9785430072486108,6.941993763371341,nu=6.9420,0.964177114593671,0.43817340551418277,0.9581067618598558,0.7719334066282001,0.9575009690888149,0.018671760391261727,0.7916990727037788,8.15718759704632e-71,7.145241645742346e-12,1.0,1,True,True,"highest joint diagnostic score among models within 4 AIC points of the best fit, where the score combines residual Ljung-Box, squared-residual Ljung-Box, residual ARCH-LM, innovation KS, and core-parameter significance; BIC and parsimony break ties"
"GED GARCH(1,1)",GED,7821.674755913102,7842.018361770564,-3906.837377956551,0.9801219944607832,1.4071561492866316,nu=1.4072,0.9643222251924013,0.4428289970989801,0.9588381370833821,0.781411458468502,0.9576199695746717,0.021125370105138486,0.6523925883645934,3.757417083860697e-71,6.860895699614021e-12,1.0,1,True,False,
"Gaussian GARCH(1,1)",Gaussian,7865.8351498255615,7881.092854218658,-3929.9175749127808,0.9799576708249446,,,0.9634744461552922,0.4362121891875256,0.9644036576796738,0.7866801352933244,0.9650353344077702,0.03112583809524,0.19319610679871657,6.879308333529078e-69,8.21022509460891e-12,1.0,0,True,False,
