lb_stat_lag_12,lb_pvalue_lag_12,lb_stat_lag_24,lb_pvalue_lag_24,arch_lm_stat,arch_lm_pvalue
13.791750124370084,0.31420403171248634,50.07238333148084,0.001386253872213678,222.47518308665164,7.277616038272937e-41
