success,message,mu,omega,alpha,beta,persistence,unconditional_variance,loglik,aic,bic,iterations,raw_arch_lm_pvalue,std_resid_arch_lm_pvalue,portfolio
True,CONVERGENCE: REL_REDUCTION_OF_F_<=_FACTR*EPSMCH,1.036278636626073,1.5382885103666684,0.13968833509562736,0.8394180050199923,0.9791063401156197,73.62465546386458,-3940.8695510998086,7889.739102199617,7910.08270805708,14,1.5638317565428476e-46,0.9417515170159362,small_lobm_vwret_pct
True,CONVERGENCE: REL_REDUCTION_OF_F_<=_FACTR*EPSMCH,1.2627348788899295,1.2710953915522785,0.13660028414152345,0.8392275868537006,0.9758278709952241,52.58516497661975,-3786.163962933496,7580.327925866992,7600.671531724454,13,3.05466136280009e-73,0.8947308434012492,me1_bm2_vwret_pct
True,CONVERGENCE: REL_REDUCTION_OF_F_<=_FACTR*EPSMCH,1.4188704736981963,1.3987084002938035,0.14050058731071485,0.839807799573953,0.9803083868846678,71.03066630964571,-3895.158081567988,7798.316163135976,7818.659768993439,13,8.181360664581116e-72,0.9315995038990155,small_hibm_vwret_pct
True,CONVERGENCE: REL_REDUCTION_OF_F_<=_FACTR*EPSMCH,1.0749741643001318,0.7034355352051839,0.13351221377698025,0.8465180470983453,0.9800302608753255,35.22507383864737,-3538.822719904212,7085.645439808424,7105.989045665887,16,7.777976293540306e-40,0.7173975397554818,big_lobm_vwret_pct
True,CONVERGENCE: REL_REDUCTION_OF_F_<=_FACTR*EPSMCH,1.0974328317349853,0.6710458307854099,0.1404072311854977,0.8394037484335812,0.9798109796190789,33.2381570836175,-3484.5780353354294,6977.156070670859,6997.499676528321,12,1.4041204813241187e-79,0.5652692789890525,me2_bm2_vwret_pct
True,CONVERGENCE: REL_REDUCTION_OF_F_<=_FACTR*EPSMCH,1.3692736753382035,1.370653224153039,0.1507945478500269,0.8169843999867484,0.9677789478367753,42.539058538796766,-3728.1890376357333,7464.3780752714665,7484.721681128929,12,3.6794689859979215e-77,0.9069385410768386,big_hibm_vwret_pct
