count,mean_pct,annualized_mean_pct,std_pct,annualized_vol_pct,min_pct,p25_pct,median_pct,p75_pct,max_pct,skewness,kurtosis,excess_kurtosis,jarque_bera_stat,jarque_bera_pvalue,shapiro_wilk_stat,shapiro_wilk_pvalue,anderson_normal_stat,anderson_5pct_critical,normal_ks_stat,normal_ks_pvalue,normal_aic,normal_bic,student_t_ks_stat,student_t_ks_pvalue,student_t_aic,student_t_bic,student_t_df,student_t_loc,student_t_scale,student_t_aic_gain_vs_normal,best_marginal_fit,adf_stat,adf_pvalue,kpss_stat,kpss_pvalue,lb_stat_lag_12,lb_pvalue_lag_12,lb_stat_lag_24,lb_pvalue_lag_24,arch_lm_stat,arch_lm_pvalue,arch_f_stat,arch_f_pvalue,portfolio
1195,0.9622049372384938,11.546459246861925,5.601583931987706,19.404455946128305,-28.5717,-1.59925,1.2478,3.6024,52.2845,1.1604672603498187,20.200981313055483,17.200981313055483,15000.262155910155,0.0,0.8582758526864092,1.803006683822568e-31,23.287412827316984,0.784,0.08186818249100114,2.048001307056345e-07,7512.350748278028,7522.522551206759,0.022820620526639107,0.5545098800264916,7109.189377459965,7124.447081853062,3.138479564219594,1.1459771123313809,3.369808906290568,403.161370818063,Student-t,-9.182382464278056,2.2338843013366344e-15,0.029550239760191267,0.1,66.34947784620519,1.533457610624818e-09,108.69957238767287,9.506440661890008e-13,406.7548054482214,1.4041204813241187e-79,51.09029184277445,2.5694504191161563e-98,me2_bm2_vwret_pct
