order,aic,bic,hqic,llf,lb_pvalue_lag_12,lb_pvalue_lag_24,significant_dynamic_share,dynamic_param_count,order_complexity,selected,selection_reason
"(2, 0, 2)",7336.092407740371,7366.592734826122,7347.585435374067,-3662.0462038701853,0.9774053025287667,0.06800725106002779,1.0,4,4,True,lowest BIC within 2 AIC points among models with acceptable residual autocorrelation and mostly significant dynamic terms
"(0, 0, 2)",7345.146323931285,7365.4798753217865,7352.808342353749,-3668.5731619656426,0.17366933081707758,0.0016931037215028675,0.5,2,2,False,
"(1, 0, 2)",7345.98743550377,7371.404374741896,7355.564958531851,-3667.993717751885,0.24097361958847316,0.0029431865678559168,0.3333333333333333,3,3,False,
"(0, 0, 1)",7348.794804590602,7364.047483856896,7354.542028681848,-3671.397402295301,0.13159647099350616,0.0014009937691265818,1.0,1,1,False,
"(2, 0, 0)",7349.569441153091,7369.906346841483,7357.232406608085,-3670.7847205765456,0.2158517154267091,0.0022153253414884037,0.5,2,2,False,
"(2, 0, 1)",7350.236589892378,7375.657722002868,7359.81529671112,-3670.118294946189,0.2847374602731822,0.003968364115399767,0.3333333333333333,3,3,False,
"(1, 0, 1)",7350.671969474531,7371.008875162923,7358.334934929524,-3671.3359847372653,0.1438518066351437,0.0014883207397535056,0.0,2,2,False,
"(1, 0, 0)",7354.392044855504,7369.647237737361,7360.139978542061,-3674.196022427752,0.11320022156198993,0.0011940990679866947,1.0,1,1,False,
"(0, 0, 0)",7358.784408058815,7368.95453664672,7362.616363849853,-3677.3922040294074,0.01964222355800991,0.00011084316151178132,1.0,0,0,False,
