success,message,mu,omega,alpha,beta,persistence,unconditional_variance,loglik,aic,bic,iterations,raw_arch_lm_pvalue,std_resid_arch_lm_pvalue
True,CONVERGENCE: REL_REDUCTION_OF_F_<=_FACTR*EPSMCH,1.0749741643001318,0.7034355352051839,0.13351221377698025,0.8465180470983453,0.9800302608753255,35.22507383864737,-3538.822719904212,7085.645439808424,7105.989045665887,16,7.777976293540306e-40,0.7173975397554818
