model_label,distribution,aic,bic,loglik,persistence,nu,distribution_param_text,std_resid_lb_pvalue_lag_12,std_resid_lb_pvalue_lag_24,std_resid_sq_lb_pvalue_lag_12,std_resid_sq_lb_pvalue_lag_24,std_resid_arch_lm_pvalue,innovation_ks_stat,innovation_ks_pvalue,std_resid_jarque_bera_pvalue,std_resid_shapiro_wilk_pvalue,volatility_param_significant_share,distribution_complexity,success,selected,selection_reason
"Skewed Student-t GARCH(1,1)",Skewed Student-t,7041.584314578047,7067.013821899875,-3515.7921572890236,0.9693877309200258,,"eta=9.1616, lambda=-0.1549",0.6610431184262797,0.427101484443508,0.6355577292206271,0.18905489615192742,0.6407693937891688,0.018948983189739754,0.7766988983245493,6.022951608762446e-27,1.683106252291854e-09,1.0,2,True,True,"highest joint diagnostic score among models within 4 AIC points of the best fit, where the score combines residual Ljung-Box, squared-residual Ljung-Box, residual ARCH-LM, innovation KS, and core-parameter significance; BIC and parsimony break ties"
"Student-t GARCH(1,1)",Student-t,7053.649906982277,7073.993512839739,-3522.8249534911383,0.9668252595913384,8.747404324285494,nu=8.7474,0.6696228315281888,0.426277117857776,0.6281100939978301,0.17401309564389006,0.6321430011683551,0.035200960090454925,0.10104524652111402,2.5389614821276654e-27,1.5307009183988838e-09,1.0,1,True,False,
"GED GARCH(1,1)",GED,7063.207718966147,7083.551324823609,-3527.6038594830734,0.9735000416504646,1.566687121513827,nu=1.5667,0.6575137434984182,0.43160038495575787,0.6523898740745324,0.2166685853778069,0.6572509393206194,0.03656184199738732,0.07993593290382917,7.393454946204638e-26,2.1574630085187086e-09,1.0,1,True,False,
"Gaussian GARCH(1,1)",Gaussian,7082.274263917634,7097.531968310731,-3538.137131958817,0.9799307936720482,,,0.644733788017583,0.43552778139595855,0.6651463718124002,0.25246564882801054,0.6708322601590031,0.03527392028864565,0.09980625128695464,9.127999821386353e-25,2.7618286635413074e-09,1.0,0,True,False,
