parameter,estimate,std_error,t_stat,pvalue
omega,0.8833932620217063,0.2783865414318616,3.173261384972259,0.0015073675015046782
alpha[1],0.12703790332195,0.02285609713715797,5.558162557658191,2.7262941878171978e-08
beta[1],0.8423498275980759,0.023325850659599214,36.11228760274285,1.4548512552931786e-285
eta,9.161641752386418,2.061247131994212,4.44470806541413,8.801129552499548e-06
lambda,-0.15485750463097855,0.041102860463819176,-3.7675602837250706,0.00016485074009798962
