count,mean_pct,annualized_mean_pct,std_pct,annualized_vol_pct,min_pct,p25_pct,median_pct,p75_pct,max_pct,skewness,kurtosis,excess_kurtosis,jarque_bera_stat,jarque_bera_pvalue,shapiro_wilk_stat,shapiro_wilk_pvalue,anderson_normal_stat,anderson_5pct_critical,normal_ks_stat,normal_ks_pvalue,normal_aic,normal_bic,student_t_ks_stat,student_t_ks_pvalue,student_t_aic,student_t_bic,student_t_df,student_t_loc,student_t_scale,student_t_aic_gain_vs_normal,best_marginal_fit,adf_stat,adf_pvalue,kpss_stat,kpss_pvalue,lb_stat_lag_12,lb_pvalue_lag_12,lb_stat_lag_24,lb_pvalue_lag_24,arch_lm_stat,arch_lm_pvalue,arch_f_stat,arch_f_pvalue,portfolio
1195,1.236130209205021,14.833562510460252,6.941794858952912,24.047082782853742,-32.0012,-2.0661,1.5194,4.6501,61.2364,1.104548514276892,16.406205647808694,13.406205647808694,9191.863298571621,0.0,0.8748195960853646,6.426930830749843e-30,20.520217753556608,0.784,0.0807192256871273,3.2070000517865674e-07,8025.031951149452,8035.203754078183,0.022166782502009874,0.5918894574355058,7665.571614928517,7680.829319321614,3.255971709156622,1.4401943220431703,4.30750152639581,359.46033622093455,Student-t,-8.79631421185058,2.1716395948351708e-14,0.027669065307916393,0.1,75.66859748992069,2.7459663370292236e-11,131.3261028182084,8.92014171348929e-17,376.8085022548855,3.05466136280009e-73,45.570846470855095,7.271595167215512e-89,me1_bm2_vwret_pct
