parameter,estimate,std_error,z_stat,pvalue
const,0.9354678053928964,0.16135946039734766,5.797415305488175,6.7344771957804765e-09
ar.L1,-0.2714620871847151,0.09822828310368263,-2.763583752127475,0.005717041840540083
ar.L2,-0.7377334064808732,0.05955499130203672,-12.387432024620974,3.056756761405883e-35
ma.L1,0.3625959698062849,0.09798761197189639,3.7004266407704707,0.00021523729573362442
ma.L2,0.7541759024383495,0.06178399511753263,12.206654830327325,2.864251899388128e-34
sigma2,27.350661888479163,0.6596714658756011,41.4610352324029,0.0
