parameter,estimate,std_error,z_stat,pvalue
const,1.233487942598123,0.20607842700249318,5.985526775120426,2.1569063506425707e-09
ar.L1,1.3919611849986608,0.038115856806902486,36.51921540293402,5.4954582998146555e-292
ar.L2,-0.8518696152832574,0.033292241242158904,-25.587631937633294,2.0946307345723e-144
ma.L1,-1.2972236934377508,0.04631606688872341,-28.00807107724396,1.2957095356532326e-172
ma.L2,0.7498536565625687,0.042045382506904636,17.834387793699552,3.822130918805559e-71
sigma2,46.756229060593064,0.9432047250149748,49.57166543016495,0.0
