parameter,estimate,std_error,z_stat,pvalue
const,1.4126823592684872,0.2541141296396455,5.559243640925381,2.7094624823519195e-08
ar.L1,1.0080399858743818,0.09914161213838542,10.167677972265807,2.764196258724362e-24
ar.L2,-0.42773938507633835,0.0797995578983982,-5.360172366129415,8.314258525648906e-08
ma.L1,-0.8343585236467347,0.10408085458704798,-8.016445742659801,1.0884897543819635e-15
ma.L2,0.24977039906276566,0.08701379070088783,2.870469118181024,0.004098632299210953
sigma2,63.029048989760476,1.1585315743073183,54.40425654988756,0.0
