parameter,estimate,std_error,z_stat,pvalue
const,0.9776141687579282,0.26286186456085175,3.7191175311457676,0.000199920017567458
ma.L1,0.15167323139816513,0.016793948377888696,9.031421794642506,1.6945558975134571e-19
ma.L2,0.04839268131097142,0.019315002107724803,2.5054453031417143,0.012229731233157947
sigma2,54.51803273266426,1.2627087140643825,43.175462500122194,0.0
