count,mean_pct,annualized_mean_pct,std_pct,annualized_vol_pct,min_pct,p25_pct,median_pct,p75_pct,max_pct,skewness,kurtosis,excess_kurtosis,jarque_bera_stat,jarque_bera_pvalue,shapiro_wilk_stat,shapiro_wilk_pvalue,anderson_normal_stat,anderson_5pct_critical,normal_ks_stat,normal_ks_pvalue,normal_aic,normal_bic,student_t_ks_stat,student_t_ks_pvalue,student_t_aic,student_t_bic,student_t_df,student_t_loc,student_t_scale,student_t_aic_gain_vs_normal,best_marginal_fit,adf_stat,adf_pvalue,kpss_stat,kpss_pvalue,lb_stat_lag_12,lb_pvalue_lag_12,lb_stat_lag_24,lb_pvalue_lag_24,arch_lm_stat,arch_lm_pvalue,arch_f_stat,arch_f_pvalue,portfolio
1195,1.2126323849372385,14.55158861924686,7.0808187876247635,24.5286757987087,-35.1664,-2.03095,1.4376,4.45565,67.7486,1.443344833529864,20.44872320020506,17.44872320020506,15574.381152865997,0.0,0.8501088764927824,3.4828553022420686e-32,25.117708474536812,0.784,0.09266543332030652,2.217360248889254e-09,8072.423697798112,8082.595500726843,0.02358145539663281,0.512044118649759,7640.400000982314,7655.657705375411,3.080089857195344,1.3669179295353349,4.180490698572868,432.02369681579785,Student-t,-9.808881665459488,5.727505680679439e-17,0.03583893604068141,0.1,54.86543535550845,1.913266769802103e-07,127.54272661218455,4.3128460575169736e-16,395.3344065664464,3.6794689859979215e-77,48.935874515229955,1.1453555817183506e-94,big_hibm_vwret_pct
