count,mean_pct,annualized_mean_pct,std_pct,annualized_vol_pct,min_pct,p25_pct,median_pct,p75_pct,max_pct,skewness,kurtosis,jarque_bera_stat,jarque_bera_pvalue,adf_stat,adf_pvalue,kpss_stat,kpss_pvalue,lb_stat_lag_12,lb_pvalue_lag_12,lb_stat_lag_24,lb_pvalue_lag_24,arch_lm_stat,arch_lm_pvalue,arch_f_stat,arch_f_pvalue,portfolio
1195,1.2126323849372385,14.55158861924686,7.0808187876247635,24.5286757987087,-35.1664,-2.03095,1.4376,4.45565,67.7486,1.443344833529864,20.44872320020506,15574.381152865997,0.0,-9.808881665459488,5.727505680679439e-17,0.03583893604068141,0.1,54.86543535550845,1.913266769802103e-07,127.54272661218455,4.3128460575169736e-16,395.3344065664464,3.6794689859979215e-77,48.935874515229955,1.1453555817183506e-94,big_hibm_vwret_pct
