success,message,mu,omega,alpha,beta,persistence,unconditional_variance,loglik,aic,bic,iterations,raw_arch_lm_pvalue,std_resid_arch_lm_pvalue
True,CONVERGENCE: REL_REDUCTION_OF_F_<=_FACTR*EPSMCH,1.3692736753382035,1.370653224153039,0.1507945478500269,0.8169843999867484,0.9677789478367753,42.539058538796766,-3728.1890376357333,7464.3780752714665,7484.721681128929,12,3.6794689859979215e-77,0.9069385410768386
