order,aic,bic,hqic,llf,lb_pvalue_lag_12,lb_pvalue_lag_24,significant_dynamic_share,dynamic_param_count,order_complexity,selected,selection_reason
"(2, 0, 2)",8327.369673467892,8357.870000553645,8338.862701101589,-4157.684836733946,0.002216587033778021,9.880192065022962e-08,1.0,4,4,True,lowest BIC within 2 AIC points because no candidate met the preferred residual-and-significance filter
"(1, 0, 2)",8333.423541781123,8358.84048101925,8343.001064809203,-4161.711770890562,7.641565366737827e-05,5.310425761795416e-10,1.0,3,3,False,
"(2, 0, 1)",8334.704326053637,8360.125458164128,8344.28303287238,-4162.352163026819,0.0005615634148665817,6.659270908337371e-09,1.0,3,3,False,
"(0, 0, 2)",8334.830474955765,8355.164026346265,8342.49249337823,-4163.415237477882,1.310225568680125e-05,1.0185842627670277e-10,0.5,2,2,False,
"(0, 0, 1)",8338.936036403928,8354.188715670221,8344.683260495172,-4166.468018201964,1.1676391324287139e-05,7.981324519176364e-11,1.0,1,1,False,
"(2, 0, 0)",8339.644136186036,8359.981041874427,8347.30710164103,-4165.822068093018,1.6293065779687972e-05,1.0232843910843212e-10,1.0,2,2,False,
"(1, 0, 1)",8340.87964140604,8361.216547094431,8348.542606861034,-4166.43982070302,1.2438752446450117e-05,9.077383051532631e-11,0.0,2,2,False,
"(1, 0, 0)",8346.709992724911,8361.965185606769,8352.457926411469,-4170.3549963624555,8.142658363731825e-06,7.548802496788337e-11,1.0,1,1,False,
"(0, 0, 0)",8381.946209952552,8392.116338540456,8385.77816574359,-4188.973104976276,1.2343090303773025e-13,2.2345149668167046e-19,1.0,0,0,False,
