distribution,distribution_code,parameter_estimates,loglik,aic,bic,ks_stat,ks_pvalue,complexity_rank,recommended,selection_reason
Student-t,t,"df=2.8074, loc=1.5336, scale=4.4868",-3943.524829278865,7893.04965855773,7908.307362950827,0.020441963417602987,0.6921711556615587,1,True,"highest KS p-value among distributions within 4 AIC points of the best fit, with BIC and parsimony used as tie-breakers"
NIG,nig,"alpha=0.4103, beta=-0.0273, loc=1.7445, scale=4.8557",-3949.3796501403212,7906.7593002806425,7927.102906138105,0.016571794621722535,0.8924866247802004,2,False,
Normal,normal,"loc=1.4203, scale=8.0769",-4191.999625833201,8387.999251666402,8398.171054595134,0.0990844275918521,1.1517788282932421e-10,0,False,
