model_label,distribution,aic,bic,loglik,persistence,nu,distribution_param_text,std_resid_lb_pvalue_lag_12,std_resid_lb_pvalue_lag_24,std_resid_sq_lb_pvalue_lag_12,std_resid_sq_lb_pvalue_lag_24,std_resid_arch_lm_pvalue,innovation_ks_stat,innovation_ks_pvalue,std_resid_jarque_bera_pvalue,std_resid_shapiro_wilk_pvalue,volatility_param_significant_share,distribution_complexity,success,selected,selection_reason
"Skewed Student-t GARCH(1,1)",Skewed Student-t,7702.911963833336,7728.341471155164,-3846.455981916668,0.9811542114255201,,"eta=5.7278, lambda=-0.0812",0.21534441983477,0.08490391628149371,0.9728694351873861,0.9241493498887473,0.9726441557853545,0.020479455081565456,0.6899967923998591,1.577904707296507e-89,1.1094919805470419e-13,1.0,2,True,False,
"Student-t GARCH(1,1)",Student-t,7705.476487322654,7725.820093180117,-3848.738243661327,0.9782714879658272,5.620584769628694,nu=5.6206,0.21144879849441797,0.08354823001750204,0.9682495647115347,0.918070911137463,0.9680291709970246,0.02167215775718112,0.620536501471826,1.5352555773532485e-87,1.249180434275257e-13,1.0,1,True,True,"highest joint diagnostic score among models within 4 AIC points of the best fit, where the score combines residual Ljung-Box, squared-residual Ljung-Box, residual ARCH-LM, innovation KS, and core-parameter significance; BIC and parsimony break ties"
"GED GARCH(1,1)",GED,7716.040755491663,7736.384361349125,-3854.0203777458314,0.9778128536157131,1.3045618723468555,nu=1.3046,0.2132902800115808,0.08423674301626743,0.9690517495825373,0.9198702771599092,0.9686799431479736,0.019223731771502828,0.7615634241170866,2.714271761050847e-88,1.2068236187849857e-13,1.0,1,True,False,
"Gaussian GARCH(1,1)",Gaussian,7785.247881269583,7800.50558566268,-3889.6239406347913,0.9797936685484038,,,0.21435738598898377,0.08465392819189548,0.9670871032542585,0.9184724931097982,0.9664106830344059,0.04386858903843638,0.019513100409289955,1.5082754653027562e-88,1.213965409094449e-13,1.0,0,True,False,
