success,message,mu,omega,alpha,beta,persistence,unconditional_variance,loglik,aic,bic,iterations,raw_arch_lm_pvalue,std_resid_arch_lm_pvalue
True,CONVERGENCE: REL_REDUCTION_OF_F_<=_FACTR*EPSMCH,1.4188704736981963,1.3987084002938035,0.14050058731071485,0.839807799573953,0.9803083868846678,71.03066630964571,-3895.158081567988,7798.316163135976,7818.659768993439,13,8.181360664581116e-72,0.9315995038990155
