parameter,estimate,std_error,t_stat,pvalue
omega,1.3283437446317772,0.5967235881056031,2.2260620681156955,0.026010024250205425
alpha[1],0.1280559712912246,0.03519439086505385,3.6385335317275613,0.0002741949316071045
beta[1],0.8502155166746026,0.03930902194862753,21.62901732293769,9.580224613622818e-104
nu,5.620584769628694,0.8647103799879838,6.49996218353109,8.034020479982706e-11
