success,message,mu,omega,alpha,beta,persistence,unconditional_variance,loglik,aic,bic,iterations,raw_arch_lm_pvalue,std_resid_arch_lm_pvalue
True,CONVERGENCE: REL_REDUCTION_OF_F_<=_FACTR*EPSMCH,1.2627348788899295,1.2710953915522785,0.13660028414152345,0.8392275868537006,0.9758278709952241,52.58516497661975,-3786.163962933496,7580.327925866992,7600.671531724454,13,3.05466136280009e-73,0.8947308434012492
