model_label,distribution,aic,bic,loglik,persistence,nu,distribution_param_text,std_resid_lb_pvalue_lag_12,std_resid_lb_pvalue_lag_24,std_resid_sq_lb_pvalue_lag_12,std_resid_sq_lb_pvalue_lag_24,std_resid_arch_lm_pvalue,innovation_ks_stat,innovation_ks_pvalue,std_resid_jarque_bera_pvalue,std_resid_shapiro_wilk_pvalue,volatility_param_significant_share,distribution_complexity,success,selected,selection_reason
"Skewed Student-t GARCH(1,1)",Skewed Student-t,7503.301842682702,7528.73135000453,-3746.650921341351,0.9740274731864639,,"eta=6.8339, lambda=-0.1374",0.10077944693774592,0.03411266980149929,0.8880832847517406,0.4653924288333261,0.8958334129327754,0.021671835517100058,0.6205552348559293,3.5086301168882525e-72,8.029185783417085e-13,1.0,2,True,True,"highest joint diagnostic score among models within 4 AIC points of the best fit, where the score combines residual Ljung-Box, squared-residual Ljung-Box, residual ARCH-LM, innovation KS, and core-parameter significance; BIC and parsimony break ties"
"Student-t GARCH(1,1)",Student-t,7514.681667704272,7535.025273561734,-3753.340833852136,0.9697170555158154,6.6022949830057645,nu=6.6023,0.09649703994701915,0.0327802886461313,0.8625341092898471,0.419329494557816,0.8717475067518293,0.034239681682746936,0.11859607926514648,1.4043570926416732e-71,8.423800615431028e-13,1.0,1,True,False,
"GED GARCH(1,1)",GED,7524.577002430029,7544.920608287492,-3758.2885012150145,0.9724235984434323,1.3850203569049457,nu=1.3850,0.09930301877116568,0.033594792248714304,0.8771540195446849,0.44819857544219116,0.8848200047953964,0.037563579028698446,0.06688937686093399,3.732440656047507e-72,8.164624924921657e-13,1.0,1,True,False,
"Gaussian GARCH(1,1)",Gaussian,7573.087002471029,7588.344706864126,-3783.5435012355147,0.9764477832341469,,,0.10185908488845842,0.03429297211079577,0.8862556461799888,0.4689557357807842,0.8925914301867517,0.03853801162880682,0.05598542252188832,1.135794916451302e-72,7.893421900402202e-13,1.0,0,True,False,
