parameter,estimate,std_error,t_stat,pvalue
omega,1.1990154497792167,0.5048278132804229,2.3750978417529955,0.01754429896301926
alpha[1],0.1275199091323115,0.029112050750894472,4.380313507401859,1.1850868095987648e-05
beta[1],0.8465075640541524,0.03409372764037354,24.828835760737537,4.378111022111415e-136
eta,6.8339118686349005,1.2607037561789594,5.420711912009893,5.936215752974271e-08
lambda,-0.13739632122272857,0.035556819401763105,-3.864134181133077,0.00011148392912138161
