count,mean_pct,annualized_mean_pct,std_pct,annualized_vol_pct,min_pct,p25_pct,median_pct,p75_pct,max_pct,skewness,kurtosis,jarque_bera_stat,jarque_bera_pvalue,adf_stat,adf_pvalue,kpss_stat,kpss_pvalue,lb_stat_lag_12,lb_pvalue_lag_12,lb_stat_lag_24,lb_pvalue_lag_24,arch_lm_stat,arch_lm_pvalue,arch_f_stat,arch_f_pvalue,portfolio
1195,0.9622049372384938,11.546459246861925,5.601583931987706,19.404455946128305,-28.5717,-1.59925,1.2478,3.6024,52.2845,1.1604672603498187,20.200981313055483,15000.262155910155,0.0,-9.182382464278056,2.2338843013366344e-15,0.029550239760191267,0.1,66.34947784620519,1.533457610624818e-09,108.69957238767287,9.506440661890008e-13,406.7548054482214,1.4041204813241187e-79,51.09029184277445,2.5694504191161563e-98,me2_bm2_vwret_pct
