model_label,distribution,aic,bic,loglik,persistence,nu,distribution_param_text,std_resid_lb_pvalue_lag_12,std_resid_lb_pvalue_lag_24,std_resid_sq_lb_pvalue_lag_12,std_resid_sq_lb_pvalue_lag_24,std_resid_arch_lm_pvalue,innovation_ks_stat,innovation_ks_pvalue,std_resid_jarque_bera_pvalue,std_resid_shapiro_wilk_pvalue,volatility_param_significant_share,distribution_complexity,success,selected,selection_reason
"Skewed Student-t GARCH(1,1)",Skewed Student-t,6952.620687069186,6978.050194391014,-3471.310343534593,0.9633462713969332,,"eta=7.2975, lambda=-0.0822",0.005920927017795686,0.01621817737908978,0.39155529484442714,0.865727669887479,0.44141177395568854,0.014996505618570966,0.9471997400968785,4.872566479380276e-31,1.7291136135391183e-09,1.0,2,True,False,
"Student-t GARCH(1,1)",Student-t,6955.218517029493,6975.562122886956,-3473.6092585147467,0.9616627283702616,7.1676158691292216,nu=7.1676,0.006033174044675974,0.016428170465433968,0.3782485208495881,0.8559540848747187,0.4275585251545673,0.028990083453294235,0.26261327726414985,1.892523431970145e-31,1.5077636976131878e-09,1.0,1,True,True,"highest joint diagnostic score among models within 4 AIC points of the best fit, where the score combines residual Ljung-Box, squared-residual Ljung-Box, residual ARCH-LM, innovation KS, and core-parameter significance; BIC and parsimony break ties"
"GED GARCH(1,1)",GED,6957.571546207519,6977.915152064981,-3474.7857731037593,0.9698057592167542,1.4042078295169973,nu=1.4042,0.005462543931153203,0.015352836694482163,0.45136973310949835,0.8989792600831901,0.5042838713060871,0.023925962590832017,0.49327123238911486,2.7663992024249904e-29,3.0567393076549193e-09,1.0,1,True,False,
"Gaussian GARCH(1,1)",Gaussian,6995.477100251423,7010.7348046445195,-3494.7385501257113,0.9784492082959053,,,0.00500116384916636,0.014391895762621803,0.5065383599555495,0.9217443892726803,0.558284658991262,0.03774053245642617,0.0647843309687921,1.1790131040683528e-27,5.2639481362634475e-09,1.0,0,True,False,
