success,message,mu,omega,alpha,beta,persistence,unconditional_variance,loglik,aic,bic,iterations,raw_arch_lm_pvalue,std_resid_arch_lm_pvalue
True,CONVERGENCE: REL_REDUCTION_OF_F_<=_FACTR*EPSMCH,1.0974328317349853,0.6710458307854099,0.1404072311854977,0.8394037484335812,0.9798109796190789,33.2381570836175,-3484.5780353354294,6977.156070670859,6997.499676528321,12,1.4041204813241187e-79,0.5652692789890525
