parameter,estimate,std_error,t_stat,pvalue
omega,1.0038574982964446,0.3403959688678832,2.9490875042826037,0.0031871372123387005
alpha[1],0.13199120599494585,0.024839270681327325,5.31381165285859,1.0735558221969409e-07
beta[1],0.8296715223753157,0.029876849427939754,27.7697126123157,1.0074088608011591e-169
nu,7.1676158691292216,1.4092863313679531,5.0859897733995805,3.6571375929721003e-07
