parameter,estimate,std_error,z_stat,pvalue
const,0.960974857383472,0.18206353712426196,5.278238973944506,1.3043129480060108e-07
ar.L1,-0.14431206647625078,0.06042049370896053,-2.3884622189846305,0.01691904782113968
ar.L2,-0.6795226654130154,0.033203612758112816,-20.465323167190114,4.387636528530235e-93
ma.L1,0.29173043923605807,0.05898008462450902,4.946253317426239,7.56554944197922e-07
ma.L2,0.7106683919769355,0.037707607316560754,18.84681746075196,3.120605268781054e-79
sigma2,30.186914856218614,0.5845393333356498,51.642230273809325,0.0
