count,mean_pct,annualized_mean_pct,std_pct,annualized_vol_pct,min_pct,p25_pct,median_pct,p75_pct,max_pct,skewness,kurtosis,jarque_bera_stat,jarque_bera_pvalue,adf_stat,adf_pvalue,kpss_stat,kpss_pvalue,lb_stat_lag_12,lb_pvalue_lag_12,lb_stat_lag_24,lb_pvalue_lag_24,arch_lm_stat,arch_lm_pvalue,arch_f_stat,arch_f_pvalue,portfolio
1195,0.9581884518828451,11.49826142259414,5.266029297919821,18.242060596286787,-28.2664,-1.77665,1.2951,4.00355,33.6857,-0.12801525093960137,8.203276168742752,1351.3276347828346,3.655379612041024e-294,-8.384286272309613,2.462259229958316e-13,0.061484218102356054,0.1,24.11149239719266,0.019642223558009955,58.29200329655581,0.0001108431615117826,217.51359167930636,7.777976293540306e-40,21.96569004593186,3.0709469881440463e-44,big_lobm_vwret_pct
