vector,portfolio,beta,alpha
1,small_lobm_vwret_pct,0.9999999999999999,0.0016592207074506277
1,me1_bm2_vwret_pct,-21.434911863811266,0.0015490824581173724
1,small_hibm_vwret_pct,24.05370402115355,0.0011228067167456772
1,big_lobm_vwret_pct,9.302999811872793,0.001985987424176287
1,me2_bm2_vwret_pct,7.406908062927015,0.0024052741013796874
1,big_hibm_vwret_pct,-19.979699717182715,0.0039046986229134568
