lag,aic,bic,hqic,fpe,is_stable,selected_bic
1,-43.95072244636375,-43.77173040132761,-43.88327807312197,8.174178492940931e-20,True,True
2,-43.96663001827349,-43.633992222875186,-43.841286596093916,8.045211186161074e-20,True,False
3,-43.9612815430077,-43.474790747956064,-43.77795617880858,8.088445480026467e-20,True,False
4,-43.9695307340258,-43.32897923157552,-43.72814034638402,8.022164106290215e-20,True,False
5,-43.9626733709165,-43.167852993469495,-43.663134689483975,8.077637250397441e-20,True,False
6,-43.96948306821136,-43.02018518691269,-43.61171263312908,8.023218924199655e-20,True,False
