test,statistic,pvalue,critical_value,decision_5pct
portmanteau_whiteness,857.0400971405015,4.569795691761832e-36,443.39912316706267,reject
jarque_bera_normality,18219.564018254383,0.0,21.02606981748307,reject
