count,mean_pct,annualized_mean_pct,std_pct,annualized_vol_pct,min_pct,p25_pct,median_pct,p75_pct,max_pct,skewness,kurtosis,excess_kurtosis,jarque_bera_stat,jarque_bera_pvalue,shapiro_wilk_stat,shapiro_wilk_pvalue,anderson_normal_stat,anderson_5pct_critical,normal_ks_stat,normal_ks_pvalue,normal_aic,normal_bic,student_t_ks_stat,student_t_ks_pvalue,student_t_aic,student_t_bic,student_t_df,student_t_loc,student_t_scale,student_t_aic_gain_vs_normal,best_marginal_fit,adf_stat,adf_pvalue,kpss_stat,kpss_pvalue,lb_stat_lag_12,lb_pvalue_lag_12,lb_stat_lag_24,lb_pvalue_lag_24,arch_lm_stat,arch_lm_pvalue,arch_f_stat,arch_f_pvalue,portfolio
1195,0.9743094560669459,11.69171347280335,7.432095011822687,25.74553233431222,-32.3946,-3.04765,1.1085,5.0057,59.5683,0.5657960779286528,9.923584816505418,6.923584816505418,2450.5729326940773,0.0,0.9310461516607166,4.8786807086341973e-23,11.125635378429024,0.784,0.06279888635034603,0.00015366562367806857,8188.143283257726,8198.315086186456,0.022687625784555826,0.562056026419431,7981.5610638508,7996.818768243897,3.9933099326730273,1.1142686148028704,5.232224178187266,206.58221940692601,Student-t,-8.443363974296163,1.738992707840848e-13,0.027015280931850863,0.1,43.958899728265614,1.5519729034945285e-05,84.60065283493202,1.1069724382013694e-08,249.72161546397996,1.5638317565428476e-46,26.088526115219732,1.4605538123214538e-52,small_lobm_vwret_pct
